Shot,FrameId
serve,84
serve,95
serve,96
serve,97
serve,98
serve,99
serve,100
serve,101
serve,102
serve,103
serve,104
serve,105
serve,106
serve,107
serve,108
serve,109
serve,110
serve,111
serve,112
serve,113
serve,114
serve,115
serve,116
serve,117
serve,118
serve,119
serve,120
serve,121
serve,122
serve,123
serve,124
serve,125
serve,126
serve,127
serve,128
serve,129
serve,130
serve,131
serve,132
serve,133
serve,134
serve,135
serve,136
serve,137
serve,138
serve,139
serve,140
serve,141
serve,142
serve,143
serve,144
serve,145
serve,146
serve,147
serve,148
serve,149
serve,150
serve,151
serve,152
serve,153
serve,154
serve,155
serve,156
serve,157
serve,158
serve,159
serve,160
serve,161
serve,162
serve,163
serve,164
serve,165
serve,166
serve,167
serve,168
serve,169
serve,170
serve,171
serve,172
serve,173
serve,174
serve,175
serve,176
serve,177
serve,178
serve,179
serve,180
serve,181
serve,182
serve,183
serve,184
serve,185
serve,186
serve,187
serve,188
serve,189
serve,190
serve,191
serve,192
serve,193
serve,194
serve,195
serve,196
serve,197
serve,198
serve,199
serve,200
serve,201
serve,202
serve,203
serve,204
serve,205
serve,206
serve,207
serve,208
serve,209
serve,210
serve,211
serve,212
serve,213
serve,214
serve,215
serve,216
serve,217
serve,218
serve,219
serve,220
serve,221
serve,222
serve,223
serve,224
serve,225
serve,226
serve,227
serve,228
serve,229
serve,230
serve,231
serve,232
serve,233
serve,234
serve,235
serve,236
serve,237
serve,238
serve,239
serve,240
serve,241
serve,242
serve,243
serve,244
serve,245
serve,246
serve,247
serve,248
serve,249
serve,250
serve,251
serve,252
serve,253
serve,254
serve,255
serve,256
serve,257
backhand,286
backhand,297
backhand,298
backhand,299
backhand,300
backhand,301
backhand,302
backhand,303
backhand,304
backhand,305
backhand,306
backhand,307
backhand,308
backhand,309
backhand,310
backhand,311
forehand,342
forehand,353
forehand,354
forehand,355
forehand,356
forehand,357
forehand,358
forehand,359
forehand,360
forehand,361
forehand,362
forehand,363
backhand,388
serve,703
serve,714
serve,715
serve,716
serve,717
serve,718
serve,719
serve,720
serve,721
serve,722
serve,723
serve,724
serve,725
serve,726
serve,727
serve,728
serve,729
serve,730
serve,731
serve,732
serve,733
serve,734
serve,735
serve,736
serve,737
serve,738
serve,739
serve,740
serve,741
serve,742
serve,743
serve,744
serve,745
serve,746
serve,747
serve,748
serve,749
serve,750
serve,751
serve,752
serve,753
serve,754
serve,755
serve,756
serve,757
serve,758
serve,759
serve,760
serve,761
serve,762
serve,763
serve,764
serve,765
serve,766
serve,767
serve,768
serve,769
serve,770
serve,771
serve,772
serve,773
serve,774
serve,775
serve,776
serve,777
serve,778
serve,779
serve,780
serve,781
serve,782
serve,783
serve,784
serve,785
serve,786
serve,787
serve,788
serve,789
serve,790
serve,791
serve,792
serve,793
serve,794
serve,795
serve,796
serve,797
serve,798
serve,799
serve,800
serve,801
serve,802
serve,803
serve,804
serve,805
serve,806
serve,807
serve,808
backhand,838
backhand,849
backhand,850
backhand,851
backhand,852
backhand,1776
backhand,1786
backhand,1787
backhand,1788
backhand,1789
backhand,1827
backhand,1838
backhand,1839
backhand,1840
backhand,1841
backhand,1842
backhand,1843
backhand,1844
backhand,1845
backhand,1846
backhand,1847
backhand,1848
backhand,2191
backhand,2226
backhand,2237
serve,2412
serve,2423
serve,2424
serve,2425
serve,2426
serve,2427
serve,2428
serve,2429
serve,2430
serve,2431
serve,2432
serve,2433
serve,2434
serve,2435
serve,2436
serve,2437
serve,2438
serve,2439
serve,2440
serve,2441
serve,2442
serve,2443
serve,2444
serve,2445
serve,2446
serve,2447
serve,2448
serve,2449
serve,2450
serve,2451
serve,2452
serve,2453
serve,2454
serve,2455
serve,2456
serve,2457
serve,2458
serve,2459
serve,2460
serve,2461
serve,2462
serve,2463
serve,2464
serve,2465
serve,2466
serve,2467
serve,2468
serve,2469
serve,2470
serve,2471
serve,2472
serve,2473
serve,2474
serve,2475
serve,2476
serve,2477
serve,2478
serve,2479
serve,2480
serve,2481
serve,2482
serve,2483
serve,2484
serve,2485
serve,2486
serve,2487
serve,2488
serve,2489
serve,2490
serve,2491
serve,2492
serve,2493
serve,2494
serve,2495
serve,2496
serve,2497
serve,2498
serve,2499
serve,2500
serve,2501
serve,2502
serve,2503
serve,2504
serve,2505
serve,2506
serve,2507
serve,2508
serve,2509
serve,2510
serve,2511
serve,2512
serve,2513
serve,2514
serve,2515
serve,2516
serve,2517
serve,2518
serve,2519
serve,2520
serve,2521
serve,2522
serve,2523
serve,2524
serve,2525
serve,2526
serve,2527
serve,2528
serve,2529
serve,2530
serve,2531
serve,2532
serve,2533
serve,2534
serve,2535
serve,2536
serve,2537
serve,2538
serve,2539
serve,2540
serve,2541
serve,2542
serve,2543
serve,2544
serve,2545
serve,2546
serve,2547
serve,2548
serve,2549
serve,2550
serve,2551
serve,2552
serve,2553
backhand,2590
backhand,2601
backhand,2602
backhand,2603
backhand,2604
backhand,2605
backhand,2606
backhand,2607
backhand,2608
backhand,2609
backhand,2610
backhand,2611
backhand,2612
backhand,2613
backhand,2614
backhand,2615
backhand,2616
backhand,2617
backhand,2618
backhand,2619
backhand,2620
serve,2773
serve,2784
serve,2785
serve,2786
serve,2787
serve,2788
serve,2789
serve,2790
serve,2791
serve,2792
serve,2793
serve,2794
serve,2795
serve,2796
serve,2797
serve,2798
serve,2799
serve,2800
serve,2801
serve,2802
serve,2803
serve,2804
serve,2805
serve,2806
serve,2807
serve,2808
serve,2809
serve,2810
serve,2811
serve,2812
serve,2813
serve,2814
serve,2815
serve,2816
serve,2817
serve,2818
serve,2819
serve,2820
serve,2821
serve,2822
serve,2823
serve,2824
serve,2825
serve,2826
serve,2827
serve,2828
serve,2829
serve,2830
serve,2831
serve,2832
serve,2833
serve,2834
serve,2835
serve,2836
serve,2837
serve,2838
serve,2839
serve,2840
serve,2841
serve,2842
serve,2843
serve,2844
serve,2845
serve,2846
serve,2847
serve,2848
serve,2849
serve,2850
serve,2851
serve,2852
serve,2853
serve,2854
serve,2855
serve,2856
serve,2857
serve,2858
serve,2859
serve,2860
serve,2861
serve,2862
serve,2863
serve,2864
serve,2865
serve,2866
serve,2867
serve,2868
serve,2869
serve,2870
serve,2871
serve,2872
serve,2873
serve,2874
serve,2875
serve,2876
serve,2877
serve,2878
serve,2879
serve,2880
forehand,2909
forehand,2919
forehand,2920
forehand,2921
forehand,2922
forehand,2923
forehand,2924
forehand,2925
forehand,2926
forehand,2927
forehand,2928
forehand,2929
forehand,2930
forehand,2931
forehand,2932
forehand,2933
forehand,2934
forehand,2935
forehand,2936
forehand,2937
forehand,2938
forehand,2939
forehand,2940
forehand,2941
forehand,2942
forehand,3301
forehand,3313
backhand,3347
backhand,3358
backhand,3359
serve,3599
serve,3610
serve,3611
serve,3612
serve,3613
serve,3614
serve,3615
serve,3616
serve,3617
serve,3618
serve,3619
serve,3620
serve,3621
serve,3622
serve,3623
serve,3624
serve,3625
serve,3626
serve,3627
serve,3628
serve,3629
serve,3630
serve,3631
serve,3632
serve,3633
serve,3634
serve,3635
serve,3636
serve,3637
serve,3638
serve,3639
serve,3640
serve,3641
serve,3642
serve,3643
serve,3644
serve,3645
serve,3646
serve,3647
serve,3648
serve,3649
serve,3650
serve,3651
serve,3652
serve,3653
serve,3654
serve,3655
serve,3656
serve,3657
serve,3658
serve,3659
serve,3660
serve,3661
serve,3662
serve,3663
serve,3664
serve,3665
serve,3666
serve,3667
serve,3668
serve,3669
serve,3670
serve,3671
serve,3672
serve,3673
serve,3674
serve,3675
serve,3676
serve,3677
serve,3678
serve,3679
serve,3680
serve,3681
serve,3682
serve,3683
serve,3684
serve,3685
serve,3686
serve,3687
serve,3688
serve,3689
serve,3690
serve,3691
serve,3692
serve,3693
serve,3694
serve,3695
serve,3696
serve,3697
serve,3698
serve,3699
serve,3700
serve,3701
serve,3702
serve,3703
serve,3704
serve,3705
serve,3706
serve,3707
serve,3708
serve,3709
serve,3710
serve,3711
serve,3712
serve,3713
serve,3714
serve,3715
serve,3716
serve,3717
serve,3718
serve,3719
backhand,3753
backhand,3764
backhand,3765
backhand,3766
backhand,3767
backhand,3768
backhand,3769
backhand,3770
backhand,3771
backhand,3772
backhand,3773
backhand,3774
backhand,3775
backhand,3776
backhand,3806
backhand,3817
backhand,3818
forehand,3847
forehand,3858
serve,4157
serve,4169
serve,4170
serve,4171
serve,4172
serve,4173
serve,4174
serve,4175
serve,4176
serve,4177
serve,4178
serve,4179
serve,4180
serve,4181
serve,4182
serve,4183
serve,4184
serve,4185
serve,4186
serve,4187
serve,4188
serve,4189
serve,4190
serve,4191
serve,4192
serve,4193
serve,4194
serve,4195
serve,4196
serve,4197
serve,4198
serve,4199
serve,4200
serve,4201
serve,4202
serve,4203
serve,4204
serve,4205
serve,4206
serve,4207
serve,4208
serve,4209
serve,4210
serve,4211
serve,4212
serve,4213
serve,4214
serve,4215
serve,4216
serve,4217
serve,4218
serve,4219
serve,4220
serve,4221
serve,4222
serve,4223
serve,4224
serve,4225
serve,4226
serve,4227
serve,4228
serve,4229
serve,4230
serve,4231
serve,4232
serve,4233
serve,4234
serve,4235
serve,4236
serve,4237
serve,4238
serve,4239
serve,4240
serve,4241
serve,4242
serve,4243
serve,4244
serve,4245
serve,4246
serve,4247
backhand,4281
backhand,4292
backhand,4293
backhand,4294
backhand,4295
backhand,4296
backhand,4297
backhand,4298
backhand,4299
backhand,4300
backhand,4301
backhand,4302
backhand,4303
backhand,4332
backhand,4343
backhand,4344
backhand,4345
backhand,4346
backhand,4347
backhand,4348
backhand,4349
backhand,4350
backhand,4351
backhand,4385
backhand,4395
backhand,4396
backhand,4397
backhand,4398
backhand,4399
backhand,4400
backhand,4401
backhand,4402
backhand,4403
backhand,4404
backhand,4405
backhand,4406
backhand,4407
backhand,4408
backhand,4409
backhand,4410
forehand,4437
forehand,4448
forehand,4449
forehand,4450
forehand,4451
forehand,4452
forehand,4453
forehand,4454
forehand,4455
forehand,4456
forehand,4457
backhand,4527
backhand,4538
backhand,4539
backhand,4540
backhand,4541
backhand,4542
backhand,4543
serve,4629
serve,4640
serve,4641
serve,4642
serve,4643
serve,4644
serve,4645
serve,4646
serve,4647
serve,4648
serve,4649
serve,4657
serve,4668
serve,4669
serve,4670
serve,4671
serve,4672
serve,4673
serve,4674
serve,4675
serve,4676
serve,4677
serve,4678
serve,4679
serve,4680
serve,4681
serve,4682
serve,4683
serve,4684
serve,4685
serve,4686
serve,4687
serve,4688
serve,4689
serve,4690
serve,4691
serve,4692
serve,4693
serve,4694
serve,4695
serve,4696
serve,4697
serve,4698
serve,4699
serve,4700
serve,4701
serve,4702
serve,4703
serve,4704
serve,4705
serve,4706
serve,4707
serve,4708
serve,4709
serve,4710
serve,4711
serve,4712
serve,4713
serve,4714
serve,4715
serve,4716
serve,4717
serve,4718
serve,4719
serve,4720
serve,4721
serve,4722
serve,4723
serve,4724
serve,4725
serve,4726
serve,4727
serve,4728
serve,4729
serve,4730
serve,4731
serve,4732
serve,4733
serve,4734
serve,4735
serve,4736
serve,4737
serve,4738
serve,4739
serve,4740
serve,4741
serve,4742
serve,4743
serve,4744
serve,4745
serve,4746
serve,4747
serve,4748
serve,4749
serve,4750
serve,4751
serve,4752
serve,4753
serve,4754
serve,4755
serve,4756
serve,4757
serve,4758
serve,4759
serve,4760
serve,4761
serve,4762
serve,4763
serve,4764
serve,4765
serve,4766
serve,4767
serve,4768
serve,4769
serve,4770
serve,4771
serve,4772
serve,4773
serve,4774
serve,4775
serve,4776
serve,4777
serve,4778
serve,4779
serve,4780
serve,4781
serve,4782
serve,4783
serve,4784
serve,4785
serve,4786
serve,4787
serve,4788
serve,4789
serve,4790
serve,4791
serve,4792
serve,4793
serve,4794
serve,4795
serve,4796
serve,4797
serve,4798
serve,4799
serve,4800
serve,4801
serve,4802
serve,4803
serve,4804
serve,4805
serve,4806
serve,4807
serve,4808
serve,4809
serve,4810
serve,4811
serve,4812
serve,4813
serve,4814
forehand,4839
forehand,4850
forehand,4851
forehand,4852
forehand,4853
forehand,4854
forehand,4855
forehand,4856
forehand,4857
forehand,4858
forehand,4859
forehand,4860
forehand,4861
forehand,4862
forehand,4863
backhand,4889
backhand,4901
backhand,4902
backhand,4903
backhand,4904
backhand,4905
backhand,4906
backhand,4907
backhand,4908
serve,5770
forehand,6131
forehand,6142
forehand,6143
forehand,6144
forehand,6145
forehand,6146
forehand,6147
forehand,6148
forehand,6149
forehand,6150
forehand,6151
forehand,6152
forehand,6153
forehand,6154
forehand,6155
forehand,6156
forehand,6157
forehand,6158
backhand,6178
backhand,6188
backhand,6189
backhand,6190
backhand,6191
backhand,6192
backhand,6193
backhand,6194
backhand,6195
backhand,6196
backhand,6197
forehand,6217
forehand,6228
forehand,6229
serve,6677
serve,6689
serve,6690
serve,6691
serve,6692
serve,6693
serve,6694
serve,6695
serve,6696
serve,6697
serve,6698
serve,6699
serve,6700
serve,6701
serve,6702
serve,6703
backhand,6739
backhand,6750
backhand,6751
backhand,6752
backhand,6753
backhand,6754
backhand,6755
backhand,6756
backhand,6757
backhand,6758
backhand,6759
backhand,6760
backhand,6761
backhand,7376
backhand,7387
backhand,7388
backhand,7389
backhand,7390
backhand,7391
backhand,7392
forehand,7416
forehand,7427
forehand,7428
forehand,7429
forehand,7430
forehand,7431
forehand,7432
forehand,7433
backhand,7451
backhand,7461
backhand,7462
backhand,7463
backhand,7464
backhand,7465
backhand,7466
backhand,7467
backhand,7468
forehand,7504
backhand,7751
backhand,7761
backhand,7762
backhand,7763
backhand,7764
backhand,7765
forehand,7821
backhand,8162
backhand,8507
backhand,8544
backhand,8555
backhand,8556
backhand,8557
backhand,8558
backhand,8559
backhand,8560
backhand,8584
backhand,8594
backhand,8595
backhand,8596
backhand,8597
backhand,8598
backhand,8599
backhand,8600
backhand,8601
backhand,8627
backhand,8638
backhand,8639
backhand,8640
backhand,8641
backhand,8642
backhand,8643
backhand,8644
forehand,8835
forehand,8845
forehand,8846
forehand,8847
forehand,8848
forehand,8849
forehand,8850
backhand,8871
backhand,8882
backhand,8883
backhand,8884
backhand,8885
backhand,8886
backhand,8887
forehand,8914
forehand,8925
forehand,8926
forehand,8927
forehand,8928
forehand,8929
forehand,8930
forehand,8931
serve,9319
serve,9330
serve,9331
serve,9332
serve,9333
serve,9334
serve,9335
serve,9336
serve,9337
serve,9338
serve,9339
serve,9340
serve,9341
serve,9342
serve,9343
serve,9344
serve,9345
serve,9346
serve,9347
serve,9348
serve,9349
serve,9350
serve,9351
serve,9352
serve,9353
serve,9354
serve,9355
serve,9356
serve,9357
serve,9358
serve,9359
serve,9360
serve,9361
serve,9362
serve,9363
serve,9364
serve,9365
serve,9366
serve,9367
serve,9368
serve,9369
serve,9370
serve,9371
serve,9372
serve,9373
serve,9374
serve,9375
serve,9376
serve,9377
serve,9378
serve,9379
serve,9380
serve,9381
serve,9382
serve,9383
serve,9384
serve,9385
serve,9386
serve,9387
serve,9388
serve,9389
serve,9390
serve,9391
serve,9392
serve,9393
serve,9394
serve,9395
serve,9396
serve,9397
serve,9398
serve,9399
serve,9400
serve,9401
serve,9402
serve,9403
serve,9404
serve,9405
serve,9406
serve,9407
serve,9408
serve,9409
serve,9410
serve,9411
serve,9412
serve,9413
serve,9414
serve,9415
serve,9416
serve,9417
serve,9418
serve,9419
serve,9420
serve,9421
serve,9422
serve,9423
serve,9424
serve,9425
serve,9426
serve,9427
serve,9428
serve,9429
serve,9430
serve,9431
serve,9432
serve,9433
serve,9434
serve,9435
forehand,9458
forehand,9469
forehand,9470
forehand,9471
forehand,9472
forehand,9473
forehand,9474
forehand,9475
forehand,9476
forehand,9477
forehand,9478
forehand,9479
forehand,9480
forehand,9481
forehand,9482
forehand,9483
forehand,9484
forehand,9485
forehand,9486
forehand,9487
forehand,9513
forehand,9524
forehand,9525
forehand,9526
forehand,9549
serve,9831
serve,9842
serve,9843
serve,9844
serve,9845
serve,9846
serve,9847
serve,9848
serve,9849
serve,9850
serve,9851
serve,9852
serve,9853
serve,9854
serve,9855
serve,9856
serve,9857
serve,9858
serve,9859
serve,9860
serve,9861
serve,9862
serve,9863
serve,9864
serve,9865
serve,9866
serve,9867
serve,9868
serve,9869
serve,9870
serve,9871
serve,9872
serve,9873
serve,9874
serve,9875
serve,9876
serve,9877
serve,9878
serve,9879
serve,9880
serve,9881
serve,9882
serve,9883
serve,9884
serve,9885
serve,9886
serve,9887
serve,9888
serve,9889
serve,9890
serve,9891
serve,9892
serve,9893
serve,9894
serve,9895
serve,9896
serve,9897
serve,9898
serve,9899
serve,9900
serve,9901
serve,9902
serve,9903
serve,9904
serve,9905
serve,9906
backhand,9940
backhand,9951
backhand,9952
backhand,9953
backhand,9954
backhand,9955
backhand,9956
backhand,9957
backhand,9958
backhand,9959
backhand,9960
backhand,9961
backhand,9993
backhand,10004
backhand,10005
serve,10506
serve,10517
serve,10518
serve,10519
serve,10520
serve,10521
serve,10522
serve,10523
serve,10524
serve,10525
serve,10526
serve,10527
serve,10528
serve,10529
serve,10530
serve,10531
serve,10532
serve,10533
serve,10534
serve,10535
serve,10536
serve,10537
serve,10538
serve,10539
serve,10540
serve,10541
serve,10542
serve,10543
serve,10544
serve,10545
serve,10546
serve,10547
serve,10548
serve,10549
serve,10550
serve,10551
serve,10552
serve,10553
serve,10554
serve,10555
serve,10556
serve,10557
serve,10558
serve,10559
serve,10560
serve,10561
serve,10562
serve,10563
serve,10564
serve,10565
serve,10566
serve,10567
serve,10568
serve,10569
serve,10570
serve,10571
serve,10572
serve,10573
serve,10574
serve,10575
serve,10576
serve,10577
serve,10578
serve,10579
serve,10580
serve,10581
serve,10582
serve,10583
serve,10584
serve,10585
serve,10586
serve,10587
serve,10588
serve,10589
serve,10590
serve,10591
serve,10592
serve,10593
serve,10594
serve,10595
serve,10596
serve,10597
serve,10598
serve,10599
serve,10600
serve,10601
serve,10602
serve,10603
serve,10604
serve,10605
serve,10606
serve,10607
serve,10608
serve,10609
serve,10610
serve,10611
serve,10612
serve,10613
serve,10614
serve,10615
serve,10616
backhand,10632
backhand,10643
backhand,10644
backhand,10645
backhand,10646
backhand,10647
backhand,10648
backhand,10649
backhand,10650
backhand,10651
backhand,10652
backhand,10653
backhand,10654
backhand,10655
backhand,10656
backhand,10657
backhand,10658
backhand,10659
backhand,10660
backhand,10661
backhand,10662
backhand,10663
backhand,10664
backhand,10665
backhand,10666
backhand,10697
backhand,10707
backhand,10708
serve,10788
serve,10798
serve,10799
serve,10800
serve,10801
serve,10802
serve,10803
serve,10804
serve,10805
serve,10806
serve,10807
serve,10808
serve,10809
serve,10810
serve,10811
serve,10812
serve,10813
serve,10814
serve,10815
serve,10816
serve,10817
serve,10818
serve,10819
serve,10820
serve,10821
serve,10822
serve,10823
serve,10824
serve,10825
serve,10826
serve,10827
serve,10828
serve,10829
serve,10830
serve,10831
serve,10832
serve,10833
serve,10834
serve,10835
serve,10836
serve,10837
serve,10838
serve,10839
serve,10840
serve,10841
serve,10842
serve,10843
serve,10844
serve,10845
serve,10846
backhand,10895
backhand,10906
backhand,10907
backhand,10908
backhand,10909
backhand,10910
backhand,10911
backhand,10912
backhand,10913
backhand,10914
backhand,10915
backhand,10916
backhand,10917
backhand,10918
backhand,10919
backhand,10920
backhand,10921
backhand,10922
backhand,10923
forehand,10952
forehand,10963
forehand,10964
forehand,10965
forehand,10966
forehand,10967
forehand,10968
forehand,10969
forehand,10970
backhand,10992
backhand,11003
backhand,11004
backhand,11005
backhand,11006
backhand,11007
backhand,11008
backhand,11009
backhand,11010
backhand,11011
backhand,11012
backhand,11013
backhand,11014
backhand,11015
backhand,11016
backhand,11017
backhand,11018
backhand,11019
backhand,11020
backhand,11021
backhand,11022
forehand,11061
forehand,11072
forehand,11073
forehand,11074
forehand,11075
forehand,11076
forehand,11077
forehand,11078
forehand,11079
forehand,11080
forehand,11081
forehand,11082
forehand,11083
backhand,11511
forehand,11518
serve,11784
serve,11795
serve,11796
serve,11797
serve,11798
serve,11799
serve,11800
serve,11801
serve,11802
serve,11803
serve,11804
serve,11805
serve,11806
serve,11807
serve,11808
serve,11809
serve,11810
serve,11811
serve,11812
serve,11813
serve,11814
serve,11815
serve,11816
serve,11817
serve,11818
serve,11819
serve,11820
serve,11821
serve,11822
serve,11823
serve,11824
serve,11825
serve,11826
serve,11827
serve,11828
serve,11829
serve,11830
serve,11831
serve,11832
serve,11833
serve,11834
serve,11835
serve,11836
serve,11837
serve,11838
serve,11839
serve,11840
serve,11841
serve,11842
serve,11843
serve,11844
serve,11845
serve,11846
serve,11847
serve,11848
serve,11849
serve,11850
serve,11851
serve,11852
serve,11853
serve,11854
serve,11855
serve,11856
serve,11857
serve,11858
serve,11859
serve,11860
serve,11861
serve,11862
serve,11863
serve,11864
serve,11865
serve,11866
serve,11867
serve,11868
serve,11869
serve,11870
serve,11871
serve,11872
serve,11873
serve,11874
serve,11875
serve,11876
serve,11877
serve,11878
serve,11879
serve,11880
serve,11881
serve,11882
serve,11883
serve,11884
backhand,11912
backhand,11923
backhand,11924
backhand,11925
backhand,11926
backhand,11927
backhand,11928
backhand,11929
backhand,11930
backhand,11931
backhand,11932
backhand,11933
backhand,11934
backhand,11935
backhand,11936
backhand,11937
backhand,11938
backhand,11964
backhand,12422
backhand,12433
backhand,12434
backhand,12435
backhand,12436
backhand,12437
backhand,12438
backhand,12478
backhand,12489
backhand,12490
backhand,12491
backhand,12492
backhand,12493
backhand,12494
backhand,12495
backhand,12496
forehand,12748
forehand,12759
forehand,12760
forehand,12761
forehand,12762
backhand,12768
backhand,12779
backhand,12780
backhand,12781
backhand,12782
forehand,12803
serve,13099
serve,13110
serve,13111
serve,13112
serve,13113
serve,13114
serve,13115
serve,13116
forehand,13121
backhand,13153
backhand,13164
backhand,13165
backhand,13166
backhand,13167
backhand,13168
backhand,13169
backhand,13170
backhand,13171
backhand,13172
backhand,13173
forehand,13200
forehand,13211
forehand,13212
forehand,13213
forehand,13214
forehand,13215
forehand,13216
forehand,13217
forehand,13218
forehand,13219
forehand,13220
forehand,13221
forehand,13222
forehand,13223
forehand,13224
forehand,13225
backhand,13239
backhand,13250
backhand,13251
backhand,13252
backhand,13253
backhand,13254
backhand,13255
backhand,13256
backhand,13257
backhand,13258
backhand,13259
backhand,13260
backhand,13261
backhand,13262
backhand,13263
backhand,13264
backhand,13265
backhand,13266
backhand,13267
backhand,13268
backhand,13269
backhand,13303
backhand,13314
backhand,13315
backhand,13316
backhand,13317
forehand,13337
forehand,13348
forehand,13349
forehand,13350
forehand,13351
forehand,13352
forehand,13353
forehand,13354
forehand,13355
forehand,13356
forehand,13357
forehand,13358
forehand,13359
forehand,13360
forehand,13361
forehand,13362
forehand,13363
backhand,13744
backhand,13755
backhand,14176
backhand,14186
backhand,14187
backhand,14217
backhand,14228
backhand,14229
backhand,14230
backhand,14231
backhand,14232
backhand,14233
backhand,14234
backhand,14265
serve,14574
serve,14585
serve,14586
serve,14587
serve,14588
serve,14589
serve,14590
serve,14591
serve,14592
serve,14593
serve,14594
serve,14595
serve,14596
serve,14597
serve,14598
serve,14599
serve,14600
serve,14601
serve,14602
serve,14603
serve,14604
serve,14605
serve,14606
serve,14607
serve,14608
serve,14609
serve,14610
serve,14611
serve,14612
serve,14613
serve,14614
serve,14615
serve,14616
serve,14617
serve,14618
serve,14619
serve,14620
serve,14621
serve,14622
serve,14623
serve,14624
serve,14625
serve,14626
serve,14627
serve,14628
serve,14629
serve,14630
serve,14631
serve,14632
serve,14633
serve,14634
serve,14635
serve,14636
serve,14637
serve,14638
serve,14639
serve,14640
serve,14641
serve,14642
serve,14643
serve,14644
serve,14645
serve,14646
serve,14647
serve,14648
serve,14649
serve,14650
serve,14651
serve,14652
serve,14653
serve,14654
serve,14655
serve,14656
serve,14657
serve,14658
serve,14659
serve,14660
serve,14661
serve,14662
serve,14663
serve,14664
serve,14665
serve,14666
serve,14667
serve,14668
serve,14669
serve,14670
serve,14671
serve,14672
serve,14673
serve,14674
serve,14675
serve,14676
serve,14677
serve,14678
serve,14679
serve,14680
serve,14681
serve,14682
serve,14683
serve,14684
serve,14685
serve,14686
serve,14687
backhand,14718
backhand,14728
backhand,14729
backhand,14730
backhand,14731
backhand,14732
backhand,14733
backhand,14734
backhand,14735
backhand,14736
backhand,14737
backhand,14738
backhand,14739
backhand,14740
forehand,14764
forehand,14775
forehand,14776
forehand,14777
forehand,14778
forehand,14779
forehand,14780
forehand,14781
forehand,14782
forehand,14783
forehand,14784
forehand,14785
forehand,14786
forehand,14787
forehand,14788
forehand,14789
forehand,14790
forehand,14791
forehand,14792
forehand,14793
forehand,14794
forehand,14795
backhand,14809
backhand,14820
backhand,14821
backhand,14822
backhand,14823
backhand,14824
backhand,14825
backhand,14826
backhand,14827
backhand,14828
backhand,14829
backhand,14830
backhand,14831
backhand,14832
backhand,14833
forehand,14868
forehand,14878
forehand,14879
forehand,14880
forehand,14881
forehand,14882
forehand,14883
forehand,14884
forehand,14885
forehand,14886
forehand,14887
forehand,14888
forehand,14889
forehand,14890
forehand,14891
backhand,14906
backhand,14917
backhand,14918
backhand,14919
backhand,14920
backhand,14921
backhand,14922
backhand,14923
backhand,14924
backhand,14925
backhand,14926
backhand,14927
backhand,14928
backhand,14929
backhand,14930
backhand,14931
backhand,14932
backhand,14933
backhand,15320
backhand,15331
backhand,15332
backhand,15333
backhand,15334
backhand,15335
backhand,15363
backhand,15373
backhand,15374
backhand,15375
backhand,15376
backhand,15377
backhand,15378
backhand,15379
backhand,15380
backhand,15381
backhand,15856
forehand,15861
forehand,15872
forehand,15873
backhand,15898
backhand,15909
backhand,15910
backhand,15911
backhand,15912
backhand,15913
backhand,15946
forehand,15993
forehand,16004
forehand,16005
forehand,16006
forehand,16007
forehand,16133
backhand,16637
backhand,16648
backhand,16649
backhand,16650
backhand,16651
backhand,16652
backhand,16653
backhand,16654
forehand,16861
forehand,16872
forehand,16873
forehand,16874
forehand,16875
forehand,16910
forehand,16921
forehand,16922
forehand,16923
forehand,16924
forehand,16925
forehand,16926
forehand,16927
forehand,16928
forehand,16929
forehand,16930
forehand,16931
forehand,16932
forehand,16933
backhand,16963
backhand,16974
backhand,16975
backhand,16976
backhand,16977
backhand,16978
backhand,16979
backhand,16980
backhand,16981
backhand,16982
backhand,16983
backhand,16984
backhand,16985
backhand,16986
backhand,16987
backhand,16988
backhand,16989
backhand,16990
backhand,16991
backhand,16992
backhand,16993
backhand,16994
backhand,16995
backhand,16996
backhand,16997
backhand,16998
backhand,16999
backhand,17000
backhand,17001
backhand,17002
backhand,17003
backhand,17004
backhand,17005
backhand,17006
backhand,17007
backhand,17008
forehand,17042
forehand,17053
forehand,17054
forehand,17055
forehand,17056
forehand,17057
forehand,17058
forehand,17059
forehand,17060
forehand,17061
forehand,17062
forehand,17063
forehand,17064
forehand,17065
forehand,17066
backhand,17438
backhand,17449
backhand,17450
backhand,17451
backhand,17452
backhand,17453
backhand,17454
backhand,17455
backhand,17456
backhand,17457
backhand,17458
backhand,17459
backhand,17460
backhand,17461
backhand,17493
backhand,17504
backhand,17505
backhand,17506
backhand,17507
backhand,17508
backhand,17509
backhand,17510
backhand,17511
backhand,17512
backhand,17513
backhand,17514
backhand,17515
backhand,17516
backhand,17548
backhand,17559
backhand,17560
backhand,17561
backhand,17562
backhand,17563
backhand,17564
backhand,17565
backhand,17566
backhand,17567
backhand,17568
backhand,17569
backhand,17886
backhand,17897
backhand,17898
backhand,17899
backhand,17900
backhand,17901
backhand,17902
backhand,17903
backhand,17904
backhand,17905
backhand,17906
backhand,17907
backhand,17908
backhand,17909
backhand,17910
backhand,17911
backhand,17912
forehand,17931
forehand,17941
forehand,17942
forehand,17943
forehand,17944
forehand,17945
forehand,17946
forehand,17947
forehand,17948
forehand,17949
forehand,17950
forehand,17951
forehand,17952
forehand,17953
forehand,17954
forehand,17955
backhand,17973
backhand,17984
backhand,18271
backhand,18282
backhand,18283
backhand,18284
backhand,18285
backhand,18286
backhand,18287
backhand,18288
backhand,18693
backhand,18704
backhand,18705
backhand,18706
backhand,18707
backhand,18708
backhand,18709
backhand,18710
backhand,18711
backhand,18712
backhand,18713
backhand,18714
backhand,18715
backhand,18716
forehand,18731
forehand,18742
forehand,18743
forehand,18744
forehand,18745
forehand,18746
forehand,18747
forehand,18748
forehand,18749
forehand,18750
forehand,18751
forehand,18752
forehand,18753
forehand,18754
forehand,18755
forehand,18756
forehand,18757
backhand,19211
backhand,19223
backhand,19224
backhand,19225
backhand,19226
backhand,19227
backhand,19228
backhand,19229
backhand,19230
backhand,19231
backhand,19262
backhand,19273
backhand,19274
backhand,19275
backhand,19276
backhand,19277
backhand,19278
backhand,19279
backhand,19280
backhand,19281
backhand,19282
backhand,19283
backhand,19284
backhand,19285
backhand,19286
backhand,19287
forehand,19311
forehand,19322
forehand,19323
forehand,19324
forehand,19325
forehand,19326
forehand,19327
forehand,19328
forehand,19329
forehand,19330
forehand,19331
forehand,19332
forehand,19333
forehand,19334
forehand,19335
forehand,19336
forehand,19337
backhand,19832
backhand,19843
backhand,19844
backhand,19845
backhand,19846
backhand,19847
backhand,19848
backhand,19849
forehand,19862
forehand,19873
forehand,19874
forehand,19875
forehand,19876
forehand,19877
forehand,19878
forehand,19879
forehand,19880
forehand,19881
serve,19954
serve,19976
serve,19987
serve,19988
serve,19989
serve,19990
serve,19991
serve,19992
backhand,20023
backhand,20034
backhand,20035
backhand,20036
backhand,20037
backhand,20038
backhand,20039
backhand,20040
forehand,20064
forehand,20074
forehand,20075
forehand,20076
forehand,20077
forehand,20078
forehand,20079
forehand,20080
forehand,20081
forehand,20082
backhand,20477
backhand,20488
backhand,20489
backhand,20490
backhand,20491
backhand,20492
backhand,20493
backhand,20494
backhand,20495
backhand,20496
backhand,20911
forehand,20945
forehand,20960
forehand,20971
forehand,20972
forehand,20973
forehand,20974
forehand,20975
forehand,20976
forehand,20977
forehand,20978
forehand,20979
forehand,20980
forehand,20981
forehand,20982
forehand,20983
backhand,21555
backhand,21566
backhand,21770
backhand,21780
backhand,21781
backhand,21834
backhand,21845
backhand,21846
backhand,21847
backhand,21848
backhand,21849
backhand,21850
backhand,21880
backhand,21890
backhand,21891
backhand,21892
backhand,21893
backhand,21894
backhand,21895
backhand,21896
backhand,21897
backhand,21898
backhand,21899
backhand,21900
backhand,21901
backhand,21902
backhand,21903
backhand,21904
backhand,21905
backhand,21906
backhand,22416
backhand,22426
backhand,22427
backhand,22428
backhand,22429
backhand,22430
backhand,22431
backhand,22432
backhand,22433
backhand,22434
backhand,22435
backhand,22436
backhand,22437
backhand,22438
backhand,22439
forehand,22462
forehand,22472
forehand,22473
forehand,22474
forehand,22475
forehand,22476
forehand,22477
forehand,22478
forehand,22479
forehand,22480
forehand,22481
forehand,22482
forehand,22483
forehand,22484
forehand,22485
forehand,22486
forehand,22487
forehand,22488
forehand,22489
forehand,22490
forehand,22491
forehand,22492
forehand,22493
backhand,23013
backhand,23023
backhand,23024
backhand,23025
backhand,23026
backhand,23027
backhand,23028
backhand,23029
backhand,23030
backhand,23031
backhand,23032
backhand,23033
backhand,23034
backhand,23035
backhand,23036
forehand,23066
forehand,23076
forehand,23077
forehand,23078
forehand,23079
forehand,23080
forehand,23081
forehand,23082
forehand,23083
forehand,23084
forehand,23085
forehand,23086
forehand,23087
forehand,23088
forehand,23089
forehand,23090
forehand,23091
forehand,23092
forehand,23093
forehand,23094
forehand,23095
backhand,23115
backhand,23126
backhand,23127
backhand,23128
backhand,23129
backhand,23130
backhand,23131
backhand,23132
backhand,23133
backhand,23134
backhand,23135
backhand,23136
backhand,23137
forehand,23152
forehand,23162
forehand,23163
forehand,23164
forehand,23165
forehand,23166
forehand,23167
forehand,23168
forehand,23169
forehand,23170
forehand,23171
forehand,23172
forehand,23173
forehand,23174
forehand,23175
forehand,23176
forehand,23177
forehand,23178
forehand,23179
forehand,23180
forehand,23181
forehand,23201
forehand,23211
forehand,23212
forehand,23213
forehand,23214
forehand,23215
forehand,23216
forehand,23217
forehand,23218
forehand,23219
forehand,23220
forehand,23221
forehand,23222
forehand,23223
forehand,23224
forehand,23225
forehand,23226
forehand,23227
backhand,23238
backhand,23249
backhand,23250
backhand,23251
backhand,23252
backhand,23253
backhand,23254
backhand,23255
backhand,23256
backhand,23257
forehand,23683
forehand,23693
forehand,23694
forehand,23695
forehand,23696
forehand,23697
backhand,23829
backhand,23877
backhand,23888
backhand,23889
backhand,23890
backhand,23891
backhand,23892
backhand,23893
backhand,23894
backhand,23895
backhand,23896
backhand,23897
backhand,23898
backhand,23899
backhand,23900
forehand,23928
forehand,23939
forehand,23940
forehand,23941
forehand,23942
forehand,23943
forehand,23944
forehand,23945
forehand,23946
forehand,23947
forehand,23948
forehand,23949
forehand,23950
forehand,23951
forehand,23952
forehand,23953
forehand,23954
forehand,23955
forehand,23956
forehand,23957
forehand,23958
forehand,23959
forehand,23960
forehand,23961
forehand,23986
forehand,23997
forehand,23998
forehand,23999
forehand,24415
forehand,24464
forehand,24475
forehand,24476
forehand,24477
forehand,24478
forehand,24479
forehand,24480
forehand,24481
forehand,24482
forehand,24483
forehand,24484
forehand,24485
forehand,24486
forehand,24487
forehand,24488
forehand,24489
backhand,24506
backhand,24517
backhand,24518
backhand,24519
backhand,24520
backhand,24521
backhand,24522
backhand,24523
backhand,24524
backhand,24525
backhand,24526
backhand,24527
backhand,24528
backhand,24529
backhand,24530
backhand,24531
backhand,24532
backhand,24533
backhand,24534
backhand,24535
backhand,24536
backhand,24537
backhand,24571
backhand,24582
backhand,24583
backhand,24584
backhand,24585
backhand,24586
backhand,24587
backhand,24588
backhand,24589
backhand,24590
backhand,24591
backhand,24592
backhand,24593
backhand,24594
backhand,24595
backhand,24596
backhand,24597
backhand,24598
backhand,24599
backhand,24994
backhand,25037
backhand,25047
backhand,25048
backhand,25049
backhand,25050
backhand,25051
backhand,25052
backhand,25053
backhand,25054
backhand,25055
backhand,25056
backhand,25057
backhand,25058
backhand,25059
backhand,25060
backhand,25061
backhand,25062
backhand,25063
forehand,25089
forehand,25100
forehand,25101
forehand,25102
forehand,25103
forehand,25104
forehand,25105
forehand,25106
forehand,25107
forehand,25108
forehand,25109
forehand,25110
forehand,25111
forehand,25112
forehand,25882
backhand,25923
backhand,25934
backhand,25935
backhand,25936
backhand,25937
backhand,25938
backhand,25939
backhand,25940
backhand,25941
backhand,25942
backhand,25943
backhand,25944
backhand,25945
backhand,25946
forehand,25964
forehand,25975
forehand,25976
forehand,25977
forehand,25978
forehand,25979
forehand,25980
forehand,25981
forehand,25982
forehand,25983
forehand,26005
forehand,26016
forehand,26017
forehand,26018
forehand,26019
forehand,26020
forehand,26021
forehand,26022
forehand,26023
forehand,26024
forehand,26025
forehand,26026
forehand,26027
forehand,26028
forehand,26029
forehand,26030
forehand,26031
forehand,26046
forehand,26058
forehand,26059
forehand,26060
forehand,26061
forehand,26062
forehand,26063
forehand,26064
forehand,26065
forehand,26066
forehand,26067
forehand,26068
forehand,26069
forehand,26070
forehand,26071
forehand,26072
forehand,26073
forehand,26074
backhand,26091
forehand,26488
forehand,26499
forehand,26500
forehand,26501
forehand,26502
forehand,26503
forehand,26504
forehand,26505
forehand,26506
forehand,26507
forehand,26508
backhand,26520
backhand,26531
backhand,26532
backhand,26533
backhand,26534
backhand,26535
backhand,26536
backhand,26537
backhand,26538
backhand,26539
backhand,26540
backhand,26541
backhand,26542
backhand,26543
backhand,26544
backhand,26545
forehand,27012
forehand,27023
forehand,27024
forehand,27025
forehand,27026
forehand,27027
forehand,27028
backhand,27282
backhand,27293
backhand,27294
backhand,27295
backhand,27296
backhand,27297
backhand,27298
backhand,27299
backhand,27300
backhand,27301
backhand,27302
backhand,27303
backhand,27304
backhand,27305
backhand,27306
backhand,27443
backhand,27453
backhand,27454
backhand,27455
backhand,27456
backhand,27457
backhand,27492
backhand,27503
backhand,27504
backhand,27505
backhand,27506
backhand,27507
backhand,27508
backhand,27509
backhand,27510
backhand,27511
forehand,27536
forehand,27546
forehand,27547
forehand,27548
forehand,27549
forehand,27550
forehand,27551
forehand,27552
forehand,27553
forehand,27554
forehand,27555
forehand,27556
forehand,27557
forehand,27558
forehand,27559
forehand,27560
forehand,27561
forehand,27562
backhand,27575
backhand,27586
backhand,27587
backhand,27588
backhand,27589
backhand,27590
backhand,27591
backhand,27592
backhand,27593
backhand,27594
backhand,27990
backhand,28001
backhand,28002
backhand,28003
backhand,28004
backhand,28031
backhand,28042
backhand,28043
backhand,28044
backhand,28045
backhand,28046
backhand,28047
backhand,28048
backhand,28049
backhand,28050
backhand,28051
backhand,28052
backhand,28053
backhand,28054
backhand,28055
backhand,28056
forehand,28084
forehand,28095
forehand,28096
forehand,28340
serve,28351
backhand,28387
backhand,28398
backhand,28399
backhand,28400
backhand,28401
backhand,28402
backhand,28403
backhand,28404
backhand,28437
backhand,28447
backhand,28448
backhand,28449
serve,28738
serve,28748
serve,28749
serve,28750
serve,28751
serve,28752
serve,28753
serve,28754
serve,28755
serve,28756
serve,28757
serve,28758
serve,28759
serve,28760
serve,28761
serve,28762
serve,28763
serve,28764
serve,28765
serve,28766
serve,28767
serve,28768
serve,28769
serve,28770
serve,28771
serve,28772
serve,28773
serve,28774
serve,28775
serve,28776
serve,28777
serve,28778
serve,28779
serve,28780
serve,28781
serve,28782
serve,28783
serve,28784
serve,28785
serve,28786
serve,28787
serve,28788
serve,28789
serve,28790
serve,28791
serve,28792
serve,28793
serve,28794
serve,28795
serve,28796
serve,28797
serve,28798
serve,28799
serve,28800
serve,28801
serve,28802
serve,28803
serve,28804
serve,28805
serve,28806
serve,28807
serve,28808
serve,28809
serve,28810
serve,28811
serve,28812
serve,28813
serve,28814
serve,28815
serve,28816
serve,28817
serve,28818
serve,28819
serve,28820
serve,28821
serve,28822
serve,28823
serve,28824
serve,28825
serve,28826
serve,28827
serve,28828
serve,28829
serve,28830
serve,28831
serve,28832
serve,28833
serve,28834
serve,28835
serve,28836
serve,28837
forehand,29050
backhand,29064
backhand,29071
forehand,29112
backhand,29402
forehand,29440
forehand,29451
forehand,29452
forehand,29453
forehand,29454
forehand,29455
forehand,29456
forehand,29457
forehand,29458
forehand,29459
forehand,29460
forehand,29461
forehand,29462
forehand,29463
forehand,29464
forehand,29835
backhand,29870
backhand,29881
backhand,29882
backhand,29883
backhand,29884
backhand,29885
backhand,29886
backhand,29887
backhand,29888
backhand,29889
backhand,29890
backhand,29891
backhand,29892
backhand,29893
backhand,29894
backhand,29895
backhand,29896
backhand,29897
backhand,29898
backhand,29899
backhand,29922
backhand,29933
backhand,29934
backhand,29935
backhand,29936
backhand,29937
backhand,29938
backhand,29939
backhand,29940
backhand,29941
backhand,29942
backhand,29943
backhand,29944
backhand,29945
backhand,29946
serve,30528
backhand,30559
backhand,30570
backhand,30571
backhand,30572
backhand,30573
backhand,30574
backhand,30575
backhand,30576
serve,30971
serve,30983
serve,30984
serve,30985
serve,30986
serve,30987
serve,30988
serve,30989
serve,30990
serve,30991
serve,30992
serve,30993
serve,30994
serve,30995
serve,30996
serve,30997
serve,30998
serve,30999
serve,31000
serve,31001
serve,31002
serve,31003
serve,31004
serve,31005
serve,31006
serve,31007
serve,31008
serve,31009
serve,31010
serve,31011
serve,31012
serve,31013
serve,31014
serve,31015
serve,31016
serve,31017
serve,31018
serve,31019
serve,31020
serve,31021
serve,31022
serve,31023
serve,31024
serve,31025
serve,31026
serve,31027
serve,31028
serve,31029
serve,31030
serve,31031
serve,31032
serve,31033
serve,31034
serve,31035
serve,31036
serve,31037
serve,31038
serve,31039
serve,31040
serve,31041
serve,31042
serve,31043
serve,31044
serve,31045
serve,31046
serve,31047
serve,31048
serve,31049
serve,31050
serve,31051
serve,31052
serve,31053
serve,31054
serve,31055
serve,31154
serve,31165
serve,31166
serve,31167
serve,31168
serve,31169
serve,31170
serve,31171
serve,31172
serve,31173
serve,31174
serve,31175
serve,31176
serve,31177
serve,31178
serve,31179
serve,31180
serve,31181
serve,31182
serve,31183
serve,31184
serve,31185
serve,31186
serve,31187
serve,31188
serve,31189
serve,31190
serve,31191
serve,31192
serve,31193
serve,31194
serve,31195
serve,31196
serve,31197
serve,31198
serve,31199
serve,31200
serve,31201
serve,31202
serve,31203
serve,31204
serve,31205
serve,31206
serve,31207
serve,31208
serve,31209
serve,31210
serve,31211
serve,31212
serve,31213
serve,31214
serve,31215
serve,31216
serve,31217
serve,31218
serve,31219
serve,31220
serve,31221
serve,31222
serve,31223
backhand,31254
backhand,31265
backhand,31266
backhand,31267
backhand,31268
backhand,31269
backhand,31270
backhand,31271
backhand,31272
backhand,31273
backhand,31274
backhand,31275
backhand,31276
backhand,31277
backhand,31278
backhand,31279
backhand,31280
backhand,31281
backhand,31303
backhand,31314
backhand,31315
backhand,31359
backhand,31369
backhand,31370
backhand,31371
backhand,31372
backhand,31373
backhand,31374
forehand,31408
forehand,31419
forehand,31420
forehand,31421
forehand,31422
forehand,31423
forehand,31424
forehand,31425
backhand,31731
backhand,31781
serve,32034
serve,32045
serve,32046
serve,32047
serve,32048
serve,32049
serve,32050
serve,32051
serve,32052
serve,32053
serve,32054
serve,32055
serve,32056
serve,32057
serve,32058
serve,32059
serve,32060
serve,32061
serve,32062
serve,32063
serve,32064
serve,32065
serve,32066
serve,32067
serve,32068
serve,32069
serve,32070
serve,32071
serve,32072
serve,32073
serve,32074
serve,32075
serve,32076
serve,32077
serve,32078
serve,32079
serve,32080
serve,32081
serve,32082
serve,32083
serve,32084
serve,32085
serve,32086
serve,32087
serve,32088
serve,32089
serve,32090
serve,32091
serve,32092
serve,32093
serve,32094
serve,32095
serve,32096
serve,32097
serve,32098
serve,32099
serve,32100
serve,32101
serve,32102
serve,32103
serve,32104
serve,32105
serve,32106
serve,32107
serve,32108
serve,32109
serve,32110
serve,32111
serve,32112
serve,32113
serve,32114
serve,32115
serve,32116
serve,32117
serve,32118
serve,32119
serve,32120
serve,32121
serve,32122
serve,32123
serve,32124
serve,32125
serve,32126
serve,32127
serve,32128
serve,32129
serve,32130
serve,32131
serve,32132
serve,32133
serve,32134
serve,32135
serve,32136
backhand,32168
backhand,32178
backhand,32179
backhand,32180
backhand,32181
backhand,32182
backhand,32220
backhand,32231
backhand,32232
backhand,32233
backhand,32234
backhand,32235
backhand,32236
backhand,32237
forehand,32278
forehand,32289
forehand,32290
forehand,32291
forehand,32292
forehand,32293
forehand,32294
forehand,32295
forehand,32296
forehand,32297
forehand,32298
backhand,32313
forehand,32740
forehand,32751
forehand,32752
forehand,32753
forehand,32754
forehand,32755
forehand,32756
forehand,32757
forehand,32758
forehand,32759
forehand,32760
forehand,32761
forehand,32762
forehand,32763
backhand,32793
backhand,32804
backhand,32805
backhand,32806
backhand,32807
backhand,32808
backhand,32809
backhand,32810
backhand,32811
backhand,32812
backhand,32813
backhand,32814
backhand,32815
backhand,32854
backhand,32865
backhand,32866
backhand,32867
backhand,32868
backhand,32869
backhand,32870
backhand,32871
backhand,32872
backhand,32873
backhand,32874
backhand,32875
backhand,32876
backhand,32877
backhand,32878
backhand,32879
backhand,32880
backhand,32881
backhand,32882
backhand,32927
backhand,32938
backhand,32939
backhand,32940
backhand,32941
backhand,32942
backhand,32943
backhand,32944
backhand,32945
backhand,32988
backhand,32999
backhand,33000
backhand,33001
backhand,33002
backhand,33003
backhand,33004
backhand,33005
backhand,33006
backhand,33007
backhand,33008
backhand,33009
backhand,33010
backhand,33011
backhand,33012
backhand,33013
backhand,33014
backhand,33015
backhand,33016
backhand,33839
backhand,33849
backhand,33850
backhand,33851
backhand,33852
backhand,33853
backhand,33854
backhand,33855
backhand,33887
serve,34126
serve,34137
serve,34138
serve,34139
serve,34140
serve,34141
serve,34142
serve,34143
serve,34144
serve,34145
serve,34146
serve,34147
serve,34148
serve,34149
serve,34150
serve,34151
serve,34152
serve,34153
serve,34154
serve,34155
serve,34156
serve,34157
serve,34158
serve,34159
serve,34160
serve,34161
serve,34162
serve,34163
serve,34164
serve,34165
serve,34166
serve,34167
serve,34168
serve,34169
serve,34170
serve,34171
serve,34172
serve,34173
serve,34174
serve,34175
serve,34176
serve,34177
serve,34178
serve,34179
serve,34180
serve,34181
serve,34182
serve,34183
serve,34184
serve,34185
serve,34186
serve,34187
serve,34188
serve,34189
serve,34190
serve,34191
serve,34192
serve,34193
serve,34194
serve,34195
serve,34196
serve,34197
serve,34198
serve,34199
serve,34200
serve,34201
serve,34202
serve,34203
serve,34204
serve,34205
serve,34206
serve,34207
serve,34208
serve,34209
serve,34210
serve,34211
serve,34212
serve,34213
serve,34214
serve,34215
serve,34216
serve,34217
serve,34218
serve,34219
serve,34220
serve,34221
serve,34222
serve,34223
serve,34224
serve,34225
serve,34226
serve,34227
serve,34228
serve,34229
serve,34230
serve,34231
serve,34232
forehand,34267
forehand,34278
forehand,34279
forehand,34280
forehand,34281
forehand,34282
forehand,34283
forehand,34284
forehand,34285
forehand,34286
forehand,34287
forehand,34315
forehand,34326
forehand,34327
forehand,34328
forehand,34329
forehand,34330
backhand,34365
backhand,34376
backhand,34377
backhand,34378
backhand,34379
backhand,34380
backhand,34381
backhand,34382
backhand,34383
backhand,34863
backhand,34874
backhand,34875
backhand,34876
backhand,34877
backhand,34878
backhand,34879
forehand,34909
forehand,34920
forehand,34921
forehand,34922
forehand,35172
forehand,35183
forehand,35184
forehand,35185
forehand,35186
forehand,35187
forehand,35188
forehand,35189
forehand,35190
forehand,35191
forehand,35192
forehand,35193
backhand,35218
backhand,35229
backhand,35230
backhand,35231
backhand,35232
backhand,35233
backhand,35234
backhand,35235
backhand,35236
backhand,35237
backhand,35238
backhand,35239
backhand,35240
backhand,35241
backhand,35242
forehand,35270
forehand,35281
forehand,35282
forehand,35283
forehand,35284
forehand,35285
backhand,35782
backhand,35793
backhand,35794
backhand,35795
backhand,35796
backhand,35797
backhand,35798
backhand,35799
backhand,35800
backhand,35801
backhand,35802
backhand,35803
backhand,35804
forehand,35841
forehand,35852
forehand,35853
forehand,35854
forehand,35855
forehand,35856
forehand,35857
forehand,35858
forehand,35859
backhand,35879
backhand,35890
backhand,35891
backhand,35892
backhand,35893
backhand,35894
backhand,35895
backhand,35896
backhand,35897
forehand,36294
backhand,36312
forehand,36336
forehand,36347
forehand,36348
forehand,36349
forehand,36350
backhand,36374
backhand,36384
backhand,36385
backhand,36386
backhand,36387
backhand,36388
forehand,36764
backhand,36808
backhand,36819
backhand,36820
backhand,36821
backhand,36822
backhand,36823
backhand,36824
backhand,36825
backhand,36826
backhand,36827
backhand,36857
backhand,36867
backhand,36868
backhand,36869
backhand,36870
backhand,36871
backhand,36872
backhand,36873
backhand,36874
backhand,36875
serve,37116
serve,37127
serve,37128
serve,37129
serve,37130
serve,37131
serve,37132
serve,37133
serve,37134
serve,37135
serve,37136
serve,37137
serve,37138
serve,37139
serve,37140
serve,37141
serve,37142
serve,37143
serve,37144
serve,37145
serve,37146
serve,37147
serve,37148
serve,37149
serve,37150
serve,37151
serve,37152
serve,37153
serve,37154
serve,37155
serve,37156
serve,37157
serve,37158
serve,37159
serve,37160
serve,37161
serve,37162
serve,37163
serve,37164
serve,37165
serve,37166
serve,37167
serve,37168
serve,37169
serve,37170
serve,37171
serve,37172
serve,37173
serve,37174
serve,37175
serve,37176
serve,37177
serve,37178
serve,37179
serve,37180
serve,37181
serve,37182
serve,37183
serve,37184
serve,37185
serve,37186
serve,37187
serve,37188
serve,37189
serve,37190
serve,37191
serve,37192
serve,37193
serve,37194
serve,37195
serve,37196
serve,37197
serve,37198
serve,37199
serve,37200
serve,37201
serve,37202
serve,37203
serve,37204
serve,37205
serve,37206
serve,37207
serve,37208
serve,37209
serve,37210
serve,37211
serve,37212
serve,37213
serve,37214
serve,37215
serve,37216
serve,37217
serve,37218
serve,37219
serve,37220
serve,37221
serve,37222
serve,37223
serve,37224
serve,37225
serve,37226
serve,37227
serve,37228
serve,37229
serve,37230
serve,37231
serve,37232
serve,37233
serve,37234
serve,37235
serve,37236
serve,37237
serve,37238
serve,37239
serve,37240
serve,37241
serve,37242
serve,37243
serve,37244
serve,37245
serve,37246
serve,37247
serve,37248
serve,37249
serve,37250
serve,37251
serve,37252
serve,37253
serve,37254
serve,37255
serve,37256
serve,37257
serve,37258
serve,37259
serve,37260
serve,37261
serve,37262
serve,37263
serve,37264
serve,37265
serve,37266
serve,37267
serve,37268
serve,37269
serve,37270
serve,37271
serve,37272
serve,37273
serve,37274
serve,37275
serve,37276
serve,37277
serve,37278
serve,37279
serve,37280
serve,37281
serve,37282
serve,37283
serve,37284
serve,37285
serve,37286
backhand,37323
backhand,37335
backhand,37336
backhand,37337
backhand,37338
backhand,37339
backhand,37340
backhand,37341
backhand,37342
backhand,37343
backhand,37344
backhand,37345
backhand,37346
backhand,37347
forehand,37375
forehand,37386
forehand,37387
forehand,37388
forehand,37765
forehand,37776
forehand,37777
forehand,37778
forehand,37779
backhand,37812
backhand,37823
backhand,37824
backhand,37825
backhand,37826
backhand,37827
serve,38063
serve,38074
serve,38075
serve,38076
serve,38077
serve,38078
serve,38079
serve,38080
serve,38081
serve,38082
serve,38083
serve,38084
serve,38085
serve,38086
serve,38087
serve,38088
serve,38089
serve,38090
serve,38091
serve,38092
serve,38093
serve,38094
serve,38095
serve,38096
serve,38097
serve,38098
serve,38099
serve,38100
serve,38101
serve,38102
serve,38103
serve,38104
serve,38105
serve,38106
serve,38107
serve,38108
serve,38109
serve,38110
serve,38111
serve,38112
serve,38113
serve,38114
serve,38115
serve,38116
serve,38117
serve,38118
serve,38119
serve,38120
serve,38121
serve,38122
serve,38123
serve,38124
serve,38125
serve,38126
serve,38127
serve,38128
serve,38129
serve,38130
serve,38131
serve,38132
serve,38133
serve,38134
serve,38135
serve,38136
serve,38137
serve,38138
serve,38139
serve,38140
serve,38141
serve,38142
serve,38143
serve,38144
serve,38145
serve,38146
serve,38147
serve,38148
serve,38149
serve,38150
serve,38151
serve,38152
serve,38153
serve,38154
serve,38155
serve,38156
serve,38157
serve,38158
serve,38159
serve,38160
serve,38161
serve,38162
serve,38163
serve,38164
serve,38165
serve,38166
serve,38167
serve,38168
serve,38169
serve,38170
serve,38171
serve,38172
serve,38173
serve,38174
serve,38175
serve,38176
serve,38177
serve,38178
serve,38179
serve,38180
serve,38181
serve,38182
serve,38183
serve,38184
forehand,38206
forehand,38218
forehand,38219
forehand,38220
forehand,38221
forehand,38222
forehand,38223
forehand,38224
forehand,38225
serve,38740
serve,38751
serve,38752
serve,38753
serve,38754
serve,38755
serve,38756
serve,38757
serve,38758
serve,38759
forehand,38797
forehand,38807
forehand,38808
forehand,38809
forehand,38810
forehand,38811
forehand,38812
forehand,38813
forehand,38814
forehand,38815
forehand,38816
forehand,38817
forehand,38818
forehand,38819
forehand,38820
forehand,38821
forehand,38822
forehand,38823
forehand,38824
backhand,38848
backhand,38859
backhand,38860
backhand,38861
backhand,38862
backhand,38863
backhand,38864
backhand,38865
backhand,38866
backhand,38867
backhand,38868
backhand,38869
backhand,38870
backhand,38871
backhand,38872
backhand,38873
backhand,38874
backhand,38875
backhand,38876
backhand,38877
backhand,38878
backhand,38879
backhand,38880
backhand,38881
serve,39392
serve,39403
serve,39404
serve,39405
serve,39406
serve,39407
serve,39408
serve,39409
serve,39410
serve,39411
serve,39412
serve,39413
serve,39414
serve,39415
serve,39416
serve,39417
serve,39418
serve,39419
serve,39420
serve,39421
serve,39422
serve,39423
serve,39424
serve,39425
serve,39426
serve,39427
serve,39428
serve,39429
serve,39430
serve,39431
serve,39432
serve,39433
serve,39434
serve,39435
serve,39436
serve,39437
serve,39438
serve,39439
serve,39440
serve,39441
serve,39442
serve,39443
serve,39444
serve,39445
serve,39446
forehand,39481
forehand,39492
forehand,39493
forehand,39494
forehand,39495
forehand,39496
forehand,39497
forehand,39498
forehand,39499
forehand,39500
forehand,39501
forehand,39502
forehand,39503
forehand,39504
forehand,39505
forehand,39506
forehand,39507
forehand,39522
forehand,39533
forehand,39534
forehand,39535
forehand,39536
forehand,39537
forehand,39538
forehand,39539
forehand,39540
forehand,39541
forehand,39542
forehand,39543
forehand,39544
forehand,39545
forehand,39546
forehand,39547
forehand,39548
forehand,39549
forehand,39550
forehand,39551
forehand,39552
serve,39916
serve,39928
serve,39929
serve,39930
serve,39931
serve,39932
serve,39956
forehand,39994
forehand,40005
forehand,40006
forehand,40007
forehand,40008
forehand,40009
forehand,40010
forehand,40011
forehand,40012
forehand,40013
forehand,40014
forehand,40015
backhand,40030
backhand,40042
backhand,40043
backhand,40044
backhand,40045
backhand,40046
backhand,40047
backhand,40048
backhand,40049
backhand,40050
backhand,40051
backhand,40052
backhand,40053
backhand,40054
backhand,40055
backhand,40056
backhand,40057
forehand,40394
forehand,40405
forehand,40406
forehand,40407
forehand,40408
forehand,40409
forehand,40410
forehand,40411
forehand,40412
forehand,40413
forehand,40414
forehand,40415
forehand,40416
forehand,40417
backhand,40451
backhand,40462
backhand,40463
backhand,40464
backhand,40465
backhand,40466
backhand,40467
backhand,40468
backhand,40469
backhand,40470
backhand,40471
backhand,40472
backhand,40473
backhand,40474
backhand,40475
backhand,40476
backhand,40477
backhand,40478
backhand,40479
backhand,40480
backhand,40481
backhand,40482
backhand,40483
backhand,40484
backhand,40485
backhand,40486
backhand,40487
backhand,40488
forehand,41031
forehand,41042
forehand,41043
forehand,41044
forehand,41045
forehand,41046
forehand,41047
forehand,41048
forehand,41049
forehand,41050
forehand,41051
forehand,41052
backhand,41094
backhand,41105
backhand,41106
backhand,41107
backhand,41108
backhand,41109
backhand,41110
backhand,41111
backhand,41112
backhand,41113
backhand,41114
backhand,41115
backhand,41116
backhand,41117
forehand,41568
forehand,41579
forehand,41580
forehand,41581
forehand,41582
forehand,41583
forehand,41584
forehand,41585
forehand,41586
forehand,41587
forehand,41588
forehand,41589
forehand,41590
forehand,41591
forehand,41592
forehand,41593
forehand,41594
forehand,41595
forehand,41596
forehand,41597
forehand,41598
forehand,41599
forehand,41615
forehand,41626
forehand,41627
forehand,41628
forehand,41629
forehand,41630
forehand,41631
forehand,41632
forehand,41633
forehand,41634
forehand,41635
forehand,41636
forehand,41637
forehand,41638
forehand,41639
backhand,41665
backhand,41676
backhand,41677
backhand,41678
backhand,41679
backhand,41680
backhand,41681
backhand,41682
backhand,41683
backhand,41684
backhand,41685
backhand,41686
backhand,41687
backhand,41688
backhand,41689
backhand,41690
backhand,41691
backhand,41692
backhand,41723
backhand,41734
backhand,41735
backhand,41736
backhand,41737
backhand,41738
backhand,41739
backhand,41740
backhand,41741
backhand,41742
backhand,41743
backhand,41744
backhand,41745
backhand,41746
backhand,41747
backhand,41748
backhand,41749
backhand,41750
backhand,41751
backhand,41752
forehand,41763
forehand,41774
forehand,41775
forehand,41776
forehand,41777
backhand,42280
backhand,42290
backhand,42291
backhand,42292
backhand,42293
backhand,42294
backhand,42295
backhand,42296
backhand,42297
backhand,42298
backhand,42299
backhand,42300
backhand,42301
backhand,42302
backhand,42303
backhand,42304
backhand,42305
backhand,42306
backhand,42307
backhand,42308
backhand,42309
backhand,42310
backhand,42311
backhand,42312
backhand,42313
backhand,42314
backhand,42315
backhand,42316
backhand,42317
backhand,42318
backhand,42319
backhand,42320
backhand,42321
backhand,42322
backhand,42323
backhand,42324
backhand,42325
forehand,42545
forehand,42556
forehand,42557
forehand,42558
forehand,42559
forehand,42560
forehand,42561
forehand,42562
forehand,42563
forehand,42564
forehand,42565
forehand,42566
forehand,42567
forehand,42568
forehand,42569
forehand,42570
forehand,42571
forehand,42572
forehand,42573
forehand,42574
forehand,43059
forehand,43070
forehand,43071
forehand,43072
forehand,43073
forehand,43074
forehand,43075
forehand,43076
forehand,43077
forehand,43078
forehand,43079
forehand,43080
forehand,43081
backhand,43111
backhand,43122
backhand,43123
backhand,43124
backhand,43125
backhand,43126
backhand,43127
backhand,43128
backhand,43129
backhand,43500
backhand,43511
backhand,43512
backhand,43513
backhand,43514
backhand,43515
backhand,43516
backhand,43517
backhand,43518
backhand,43519
backhand,43520
backhand,43521
backhand,43522
backhand,43523
backhand,43524
backhand,43558
backhand,43568
backhand,43569
backhand,43570
backhand,43571
backhand,43572
backhand,43573
backhand,43601
backhand,43611
backhand,43612
backhand,43613
backhand,43614
backhand,43615
backhand,43616
backhand,43617
backhand,43618
backhand,43619
backhand,43620
backhand,43621
backhand,43622
backhand,43623
backhand,43624
backhand,43625
backhand,43626
backhand,43627
forehand,43663
forehand,44257
forehand,44268
forehand,44269
forehand,44270
forehand,44271
forehand,44272
forehand,44273
forehand,44274
forehand,44275
forehand,44276
forehand,44277
backhand,44296
serve,44580
backhand,44642
backhand,44653
backhand,44654
backhand,44655
backhand,44656
backhand,44657
backhand,44658
backhand,44659
forehand,44674
backhand,45046
backhand,45086
backhand,45097
backhand,45098
backhand,45099
backhand,45100
backhand,45101
backhand,45102
backhand,45103
backhand,45104
backhand,45105
backhand,45106
backhand,45107
forehand,45141
forehand,45153
forehand,45154
forehand,45155
forehand,45187
forehand,45198
forehand,45199
forehand,45200
forehand,45201
forehand,45202
forehand,45203
forehand,45204
forehand,45205
forehand,45206
forehand,45207
forehand,45208
forehand,45209
forehand,45210
forehand,45211
forehand,45212
forehand,45213
forehand,45214
forehand,45243
serve,45668
serve,45679
serve,45680
serve,45681
serve,45682
serve,45683
serve,45684
backhand,45716
backhand,45726
backhand,45727
backhand,45728
backhand,45729
backhand,45730
backhand,45731
backhand,45732
backhand,45733
backhand,45734
backhand,45735
backhand,45736
backhand,45737
backhand,45738
backhand,45739
serve,45985
serve,45996
serve,45997
serve,45998
serve,45999
serve,46000
serve,46001
serve,46002
serve,46003
serve,46004
serve,46005
serve,46006
serve,46007
serve,46008
serve,46009
serve,46010
serve,46011
serve,46012
serve,46013
serve,46014
serve,46015
serve,46016
serve,46017
serve,46018
serve,46019
serve,46020
serve,46021
serve,46022
serve,46023
serve,46024
forehand,46064
forehand,46075
forehand,46076
forehand,46077
forehand,46078
forehand,46079
forehand,46080
forehand,46081
forehand,46082
forehand,46083
forehand,46084
forehand,46085
forehand,46086
forehand,46087
forehand,46088
forehand,46089
forehand,46090
forehand,46574
forehand,46585
forehand,46586
backhand,46619
backhand,46630
backhand,46631
backhand,46632
backhand,46633
backhand,46634
backhand,46635
backhand,46636
backhand,46637
forehand,46664
forehand,46675
forehand,46676
forehand,46677
forehand,46678
forehand,46679
forehand,46680
